ISO3,1990,1991,1992,1993,1994,1995,1996,1997,1998,1999,2000,2001,2002,2003,2004,2005,2006,2007,2008,2009,2010,2011,2012,2013,2014,2015,2016,2017,2018,2019,2020,2021,2022,2023
ABW,0.923371171,0.943316,0.957551495,0.984958027,1.025006032,1.037848128,1.052409507,1.072891796,1.130917033,1.139558926,1.125862912,1.163050102,1.196041329,1.208646692,1.210068764,1.232737055,1.237526582,1.267138207,1.296175782,1.3101724,1.278604949,1.302940607,1.318766618,1.287024359,1.311720986,1.366313786,1.360014589,1.356636643,1.370605588,1.423211813,1.411908627,1.36395359,1.317722025,
AFE,,,,,,,,,,,,,,,,,,,,,,,,,,,,,,,,,,
AFG,,,,,,,,,,,10.19986973,8.800717522,9.19688826,10.06999412,10.91160407,11.73443485,12.20296544,14.55761629,14.58183631,14.17891937,14.54305294,16.61347791,16.93029509,16.88154584,16.12780381,15.82358245,15.92365597,15.42020702,14.85623498,15.02643439,15.33524309,14.58794212,14.91028205,
AFW,,,,,,,,,,,,,,,,,,,,,,,,,,,,,,,,,,
AGO,1.06E-08,2.11E-08,1.19E-07,1.18E-06,2.64E-05,0.000497958,0.023963847,0.046044058,0.063453566,0.411386383,2.083856182,4.205389199,10.04111366,19.09538403,24.81428892,34.25510433,38.91792792,39.52387649,46.28618058,38.29145177,50.04015159,64.60575104,66.01718562,66.69557274,66.00187576,69.58590353,82.86332664,95.83724213,111.4418106,124.4396057,146.9091339,174.0905151,184.9366237,209.9221375
ALB,2.338171011,3.064905515,9.978274825,21.99471226,29.25354042,31.47189968,35.41867932,38.73170487,40.71863013,41.10151152,42.01980017,42.81103626,42.10926633,44.59090275,44.89796419,45.52787809,44.41279329,44.62550024,44.5623264,44.34020673,44.20565841,43.86025303,43.65747407,44.11600854,42.89701678,42.70885002,42.38746154,42.25956222,42.30566329,40.55187796,40.21207688,40.59623655,39.49290564,39.36256107
AND,0.481169192,0.497707462,0.519273962,0.53026561,0.539323537,0.55430693,0.54868069,0.55139761,0.553446124,0.560632656,0.705779895,0.711500899,0.723309998,0.731844153,0.734362309,0.736218215,0.738884638,0.742495774,0.745028111,0.741439507,0.735279068,0.721833616,0.709874591,0.701125997,0.68854509,0.686720483,0.682621757,0.678233981,0.65632801,0.641227887,0.62787878,0.604573548,0.588730553,0.60131182
ARB,,,,,,,,,,,,,,,,,,,,,,,,,,,,,,,,,,
ARE,1.127699862,1.099655527,1.094580495,1.082901351,1.057479717,1.076235223,1.117900626,1.088484502,1.030593043,1.102015306,1.20109402,1.147048647,1.172087829,1.196203198,1.263909838,1.428012766,1.551003373,1.699365326,1.976238327,1.665911439,1.917942884,2.126608372,2.187969973,2.234190586,2.213516735,2.229246931,2.241748844,2.285250425,2.235158682,2.113722801,2.088984489,2.362567186,2.499422418,2.318845469
ARG,0.29393947,0.683806376,0.776023253,0.73105983,0.736171487,0.743875471,0.730119101,0.714412314,0.69442518,0.672159934,0.664089245,0.642348669,0.825786931,0.894793044,1.031372549,1.103194369,1.217246977,1.362197316,1.646118381,1.887610278,2.25500158,2.733127832,3.220031636,3.945567609,5.461513786,6.882589712,9.322117326,10.29278564,13.52681351,20.3836689,26.88718414,38.78333282,61.40318097,138.5355044
ARM,0.005131181,0.008903526,0.058220667,0.848065212,34.93469519,89.36315165,104.9495951,121.4687835,132.9697176,131.1848662,126.5169552,128.7147622,129.7330383,133.0715807,137.72311,137.8209948,139.8721567,142.0083404,147.6688681,150.4287182,160.1685897,163.6500092,157.7633274,159.4405605,164.5576665,172.0472008,160.2082079,154.7865906,157.3769073,147.486145,141.9405518,148.2412262,149.549509,148.3766147
ASM,,,,,,,,,,,,,,,,,,,,,,,,,,,,,,,,,,
ATG,1.584350369,1.580131733,1.590210506,1.589364356,1.611991261,1.626985639,1.652256103,1.665350336,1.691002389,1.700935948,1.688013368,1.685258002,1.680921641,1.640411794,1.6349922,1.65942657,1.627878562,1.654256458,1.699873114,1.70821976,1.714805668,1.691376686,1.835040877,1.867559899,1.935110052,2.068558697,2.096744449,2.138337374,2.011817932,1.921622276,1.855063558,1.819394827,1.810179474,1.830447486
AUS,1.364415,1.347277,1.32667,1.31089,1.299225,1.308996,1.311426,1.306627,1.298972,1.29695,1.31208,1.327545,1.33649,1.351978,1.36477,1.388356,1.402633,1.42652,1.479073,1.442566,1.503623,1.511052,1.540115,1.447123,1.452489,1.473691,1.450156,1.477553,1.470403,1.459253,1.431163,1.416683,1.372115,1.391128
AUT,0.920645,0.922961,0.933791,0.937319,0.940894,0.938286,0.934143,0.931676,0.92277,0.923906,0.907505,0.922895,0.899797,0.888119,0.878053,0.881939,0.86003,0.867981,0.854424,0.843756,0.842336,0.831374,0.813648,0.797081,0.798797,0.798813,0.776931,0.775009,0.765403,0.738332,0.728799,0.713469,0.69687,0.708583
AZE,7.78E-06,1.38E-05,0.000157332,0.00130194,0.018943226,0.119796383,0.14872282,0.159714343,0.156414992,0.157567176,0.173325525,0.173771876,0.178324146,0.187045259,0.198999354,0.221358424,0.239004127,0.281634874,0.353063381,0.284772317,0.319464642,0.383509785,0.368202768,0.357812484,0.352385194,0.373831914,0.426016726,0.498603374,0.527234912,0.489932567,0.474218667,0.457138151,0.586238874,0.513547203
BDI,71.22013277,71.7101704,73.89971533,77.77791911,81.20722839,92.34755377,103.7944172,135.0919238,148.8874058,168.7640603,186.774394,207.7160092,206.6398636,226.8458905,249.946142,288.0095592,287.3441265,302.9105555,369.1502963,405.2594128,434.6733931,461.5091248,523.1272323,531.3069159,534.9652527,553.8459543,564.3957462,626.1676025,605.9476929,582.1962891,595.6138306,609.5991821,673.8997549,724.1669522
BEL,0.913792,0.909327,0.919512,0.934089,0.933713,0.925701,0.927935,0.927651,0.935605,0.931348,0.9,0.892366,0.8733,0.876064,0.888301,0.891788,0.874274,0.878774,0.86694,0.850135,0.836717,0.831911,0.822137,0.806166,0.800214,0.799998,0.781011,0.775634,0.766407,0.735832,0.716165,0.705865,0.694643,0.701943
BEN,117.7487773,114.7587634,115.5961035,115.6051337,151.1109324,170.3560199,178.8487116,182.2649405,189.6687005,202.9999432,207.120598,206.5505865,210.6188295,212.8647351,208.8860495,211.2318367,209.2041856,204.4804972,213.5231131,217.6038044,216.8848722,220.4335785,233.1861389,229.8616012,222.6922744,217.4563027,210.7117777,212.2662354,215.7384033,210.4048767,212.435318,211.1066742,205.3828549,204.8685687
BFA,162.6035977,151.0438262,148.0137676,142.5018885,159.9474894,167.268153,164.8337086,164.5610803,175.6536393,203.324021,197.1904761,200.487915,203.4551209,202.4783185,197.3548183,198.51047,191.29545,190.8914576,204.437811,208.0722231,213.3438208,223.1158142,237.5922422,228.405865,227.3231965,220.2303563,209.0264836,201.5952759,208.2841949,200.7630615,199.5170898,199.7247467,197.5754488,194.4359163
BGD,13.55557571,13.47004788,13.50999325,13.21770129,13.45466022,14.11993637,14.45324078,14.74817292,15.27500718,15.63136186,15.81195013,15.96805212,16.33580961,16.95120031,17.26039017,17.50320877,17.97729563,18.63576222,19.72075154,20.92566764,22.15153146,23.40955544,23.73549952,24.85747308,25.65040461,27.04661205,28.18957073,29.35134506,29.397892,29.59568214,28.70980072,28.29668808,27.77009449,28.64145276
BGR,0.000689993,0.002179386,0.003400346,0.00501866,0.008486276,0.019612629,0.038199403,0.398256052,0.518748284,0.525164395,0.53596339,0.555792052,0.54766392,0.559800356,0.580237403,0.596505924,0.618232975,0.656294548,0.677696569,0.69323105,0.677084059,0.701113148,0.69285266,0.68004272,0.661276129,0.678748014,0.666690282,0.676343931,0.680144566,0.675831036,0.675228526,0.687201251,0.731910324,0.738553967
BHR,0.135815071,0.128899192,0.121575111,0.11516665,0.121025596,0.11983306,0.117910139,0.116991273,0.107526267,0.108842408,0.121675206,0.114992976,0.117099518,0.124710913,0.134793285,0.14864636,0.156950232,0.165700716,0.181044552,0.156554133,0.166183913,0.178678498,0.175286384,0.18021832,0.183168478,0.185784212,0.188678215,0.185696244,0.190370858,0.181090996,0.171287224,0.185745358,0.18688724,0.171277544
BHS,0.981485753,0.973650795,0.989136386,0.958001361,0.958453165,0.946303104,0.93843647,0.940311294,0.958214226,0.991622397,0.97860486,0.960434797,0.983193791,0.975293135,0.961102964,0.979000301,0.95757818,0.959803694,0.955678288,0.939976234,0.925044272,0.898563445,0.919978032,0.912468043,0.918396825,0.955871814,0.94831267,0.929797828,0.926608264,0.931452453,0.962290525,0.977568686,0.952545398,0.97735436
BIH,0.000236623,0.000339828,0.004857684,0.362762211,0.529635947,0.588181852,0.587077867,0.64147107,0.618865913,0.66169327,0.685164821,0.704285903,0.702113769,0.716716879,0.714367525,0.723439867,0.718469034,0.730927705,0.752875409,0.735231005,0.732406412,0.718201529,0.705977775,0.686190971,0.687254473,0.694141201,0.675592646,0.680729263,0.674483306,0.651095042,0.64300817,0.650537906,0.671847263,0.66728664
BLR,8.13E-09,1.65E-08,1.83E-07,2.07E-06,4.15E-05,0.000309318,0.000466918,0.000787876,0.001375773,0.005654119,0.01577338,0.027695064,0.039514363,0.050639685,0.060495518,0.069784756,0.074973588,0.082392489,0.097983001,0.10639867,0.116989823,0.196053222,0.320005868,0.373530842,0.4479619,0.524063801,0.562285911,0.60713613,0.647122502,0.641350508,0.641749382,0.688632727,0.739093726,0.765644162
BLZ,1.339837483,1.264168715,1.278148541,1.271991181,1.278251589,1.31855384,1.330436503,1.288263691,1.304623033,1.264905989,1.254378866,1.202771709,1.192893079,1.121168592,1.114658745,1.113326677,1.115092608,1.12732636,1.144921444,1.109759307,1.120102846,1.151228309,1.232383516,1.250777933,1.291502048,1.290495489,1.306701529,1.331451654,1.266050696,1.175549865,1.086958766,1.048620343,1.05179251,1.125383513
BMU,0.873403381,0.899160471,0.903864033,0.928815614,0.927218434,0.946124632,1.201946459,1.229116151,1.248778408,1.264749717,1.18434274,1.142403387,1.221445454,1.231631818,1.255656048,1.299813164,1.328730829,1.378739857,1.421784825,1.42781584,1.44221789,1.396796823,1.449238903,1.422048652,1.402467377,1.380702972,1.352374123,1.311136246,1.31666863,1.272723317,1.256383657,1.221463203,1.151823133,
BOL,0.948284831,1.079523656,1.194784785,1.243650165,1.314481031,1.434611155,1.57196315,1.633475888,1.729220232,1.746210919,1.796245193,1.78954173,1.811864089,1.889255105,1.986370228,2.040400629,2.249813846,2.351979382,2.547068029,2.470195982,2.654754754,2.98091197,3.033481205,3.009537636,2.982221521,2.89461967,2.779299575,2.68458724,2.702014208,2.639060974,2.582664967,2.473956823,2.429660813,2.384055482
BRA,1.16E-05,5.79E-05,0.000604804,0.012384065,0.283749422,0.539108158,0.627126072,0.664143976,0.689104221,0.733919244,0.757895424,0.802170642,0.867290573,0.970343048,1.018184751,1.060593908,1.098563541,1.13845673,1.214987473,1.295852802,1.388137023,1.473216414,1.609135865,1.708555429,1.824850525,2.005869311,2.155971596,2.209679127,2.197591543,2.216445208,2.264911175,2.37927413,2.41326595,2.436875874
BRB,1.619041432,1.636479283,1.633975884,1.679067563,1.680294688,1.662511306,1.674064585,1.66077486,1.785252511,1.838385359,1.773884531,1.773948708,1.762661939,1.747823458,1.801251887,1.86294268,1.881241308,1.989361769,1.987024055,1.9387098,1.988678514,2.018887043,2.122325635,2.144778,2.171854456,2.129127613,2.11681499,2.200443745,2.162226677,2.19438386,2.318824768,2.384203434,2.318156922,2.342554835
BRN,0.441547856,0.414985864,0.412746267,0.391289277,0.349534883,0.352192629,0.361385577,0.385757807,0.337034707,0.370862366,0.467872486,0.431982625,0.426964145,0.444257602,0.50135132,0.577334449,0.616336593,0.606802474,0.670896054,0.519481551,0.598895801,0.705206811,0.672622864,0.661425097,0.639973853,0.671476414,0.649816136,0.627636611,0.641614974,0.598504782,0.530513346,0.532498598,0.618042309,0.519406037
BTN,5.769880516,6.080162319,6.475153491,6.863720032,7.549590494,8.007142626,8.501097611,9.43561143,10.32878794,10.81308515,11.35075144,11.69328211,12.10908812,12.30501876,12.50354893,12.90892567,13.34613063,13.60327315,14.09434023,14.62766722,15.33099057,16.39680481,17.1400516,18.11942324,18.65239098,18.55403495,18.7895935,19.15760994,19.42745781,19.51221085,18.95794678,19.61039162,19.38208849,
BWA,0.865849484,0.8808906,0.918445369,1.014393094,1.087179829,1.141046559,1.301074598,1.342849399,1.460283214,1.644880896,1.836378858,1.945233199,1.938210638,1.962630064,2.103864637,2.35551238,2.455809743,2.535190503,2.720392995,3.112219798,3.31109427,3.654658079,3.956585128,4.110870547,4.261119111,4.398016906,4.533646204,4.682478428,4.786637783,4.833456516,4.737116337,4.819880486,5.161038886,5.085393025
CAF,220.1567725,212.124903,213.169762,201.0852276,244.9452322,263.6616879,249.7477406,247.5354953,243.7706622,250.1876002,265.4569434,260.7170868,250.6382805,249.0704231,231.7794764,234.1458763,234.7142046,232.7237085,244.4832475,244.7137127,251.9573599,256.7613525,261.7014402,253.5181,289.5238628,281.6784455,277.7713044,284.0335083,279.1550903,267.2586975,249.863266,241.8806763,239.4557881,238.8896557
CAN,1.241556,1.23759,1.227694,1.214689,1.206599,1.208429,1.20741,1.200565,1.185044,1.19081,1.227599,1.220464,1.229333,1.225714,1.232662,1.213644,1.205365,1.212099,1.23439,1.202244,1.22182,1.239904,1.244607,1.224,1.230358,1.248042,1.207045,1.212304,1.206524,1.21786,1.201689,1.180039,1.164518,1.169928
CEB,,,,,,,,,,,,,,,,,,,,,,,,,,,,,,,,,,
CHE,1.932927,1.970833,1.96786,1.966931,1.948616,1.922675,1.887199,1.844032,1.827602,1.802836,1.78866,1.768621,1.70976,1.715154,1.691758,1.686548,1.598858,1.531784,1.493049,1.470105,1.466316,1.397498,1.354072,1.312477,1.281761,1.235788,1.201964,1.187726,1.178866,1.133809,1.104751,1.046474,0.981279,0.966273
CHI,,,,,,,,,,,,,,,,,,,,,,,,,,,,,,,,,,
CHL,170.538946,199.962597,218.520821,236.17299,260.372212,278.801558,278.461106,282.857872,281.888512,284.052653,290.42564,296.175046,301.372381,308.248336,321.277808,333.69,318.574722,323.878962,340.400833,354.325885,359.83702,348.016847,347.228507,349.680536,367.213907,391.178861,397.250703,397.689401,396.229413,397.674408,409.841785,423.046172,426.098226,431.415905
CHN,1.693857618,1.748462607,1.849519487,2.081057195,2.45763318,2.736117997,2.861757778,2.858722872,2.801502054,2.727520343,2.722122054,2.71667416,2.691209971,2.707806331,2.820214783,2.841223484,2.86445055,3.005022656,3.178042909,3.151943271,3.32839098,3.524467707,3.540276769,3.621192961,3.693706981,3.781514936,3.874289636,4.040052414,4.094089985,4.059609413,4.014656544,3.987408876,3.791641631,3.638704153
CIV,133.1627909,129.6614076,126.7422292,131.4269467,188.368696,204.8761249,211.2183645,215.7802205,224.877757,220.0194131,218.5904614,228.4761,235.2888131,238.2971291,226.2477011,222.2241375,218.5069618,219.3138775,226.7290555,228.0608071,228.7388728,236.9105835,240.0089821,243.7631129,241.3351754,243.6352911,243.6262339,243.1855774,239.3190002,227.4831085,226.3087006,225.2888031,214.8597671,212.4554228
CMR,164.4772174,164.7745729,159.0448944,217.1968618,233.1110691,239.7235633,236.3802052,246.6960887,246.5546056,240.3919873,238.6674582,239.1755232,242.0499872,241.9991907,235.9907521,231.9216826,230.1574476,225.1859785,231.844406,238.7265351,237.4833172,238.707077,241.8081866,240.3156228,237.9785462,239.1783216,235.558762,230.5853882,223.1657715,214.8725128,205.1069946,193.4589539,190.3785075,188.6904846
COD,7.34E-10,1.73E-08,6.69E-07,1.15E-05,0.00302182,0.016764318,0.121527437,0.349612453,0.438849801,2.344954597,62.60207791,105.953237,137.4254488,152.844073,158.3160416,199.3536814,219.1594879,256.6334629,303.3104027,399.8988004,477.2234325,532.0634155,582.0245072,556.5515433,526.6711561,504.3183977,488.9378754,637.2664185,801.5734863,786.3093872,827.0042725,845.4506836,869.6623084,949.6007281
COG,101.7122532,96.92833193,93.28151634,90.09120799,120.6266542,122.1617,141.5495022,146.0580571,118.1157645,150.6571051,216.6194786,182.3488349,176.436113,165.6641351,188.4403744,221.6829945,239.5246394,248.9248627,283.9520238,222.480698,284.4722133,309.2511902,314.5498695,313.0263396,310.148249,305.8605076,308.8575622,288.9322815,267.5776978,254.9121399,240.5133362,222.7753754,246.1263416,219.4994869
COL,174.3542996,214.1963126,256.8884752,313.2779225,374.5045813,435.9615248,500.3410986,574.687615,652.2559964,724.3397665,787.2936283,820.1458157,855.7946774,896.5365696,936.644438,951.3362686,976.4737952,1000.17302,1056.60247,1092.804966,1120.764171,1168.243042,1205.59526,1210.712886,1226.732967,1285.027924,1298.142605,1328.016627,1322.160543,1312.630441,1270.743624,1316.324081,1345.664277,1401.241791
COM,165.5831481,173.1703909,157.8588557,158.5720462,169.8774276,180.2339407,182.6550996,181.2184838,181.6177312,189.4907126,191.6424334,203.5967766,208.8426933,215.2683013,216.7341976,210.8090008,210.8640671,212.5797017,215.1191029,215.9085832,216.8895514,218.9775848,213.0387169,209.6754692,203.6787654,199.85077,193.3370983,185.2477112,194.2283478,201.5426788,201.6755676,191.4807739,188.12061,187.3370485
CPV,56.19684032,56.96362592,53.40213467,77.91151449,54.02917727,52.10100454,54.11489994,52.75318165,51.99161998,55.16857334,53.29871834,54.81224405,53.77746223,55.33148709,50.47040136,48.0576896,48.7830662,48.14477141,48.98839914,49.63973761,49.36466549,49.69546127,51.0533172,51.67798109,51.5741783,50.1083686,48.94341988,47.9817543,50.68048477,49.90723801,49.99317551,48.17049408,48.39824175,48.4973795
CRI,33.35989217,53.17053075,62.24206076,67.1458023,76.044176,90.29979714,102.0443599,115.0405483,127.3431474,139.4155564,149.1282323,160.0217026,172.9945191,187.709411,207.1975496,227.042041,248.847824,267.7641928,292.7132658,319.1419424,336.211434,344.5460205,352.113803,354.456,358.2966474,357.3314179,343.013617,340.991882,337.901936,324.21736,328.024138,330.139374,330.359953,323.002654
CSS,,,,,,,,,,,,,,,,,,,,,,,,,,,,,,,,,,
CUB,,,,,,,,,,,,,,,,,,,,,,0.321938711,,,,,,,,,,,,
CUW,,,,,,,,,,,1.295317659,1.289468983,1.274943271,1.270513417,1.254316825,1.266047481,1.266614457,1.270199853,1.332176505,1.347842422,1.368679066,1.324621677,1.412395148,1.422182044,1.442647003,1.441806801,1.433848535,1.393792033,1.389886498,1.354688883,1.343183994,1.278984547,1.242471531,
CYM,,,,,,,,,,,,,,,,,0.965154711,0.968571334,0.979223943,0.979161636,0.96540813,0.941537917,0.96690504,0.983444533,0.994393606,0.994372223,0.987132743,0.98079437,0.973204851,1.011659026,1.03776145,0.971421659,0.940041538,
CYP,0.564507432,0.567271465,0.588139657,0.602116666,0.620603023,0.690513506,0.696906046,0.70220755,0.711248305,0.72074849,0.717009543,0.711622172,0.696985729,0.736493264,0.733626887,0.722897782,0.709841356,0.694088674,0.693834086,0.682113815,0.70029064,0.698661839,0.706888914,0.687352067,0.679758791,0.663187331,0.622352108,0.61524255,0.612482709,0.58811905,0.578571292,0.571244435,0.565932818,0.562049097
CZE,5.564727,7.330823,8.053187,9.519423,10.470713,11.160326,12.076265,12.905536,13.987233,14.22935,14.330601,14.322067,14.458321,14.175232,14.425719,14.562493,14.414642,14.255541,13.916713,13.638835,13.67437,13.345305,13.297699,12.785271,12.70321,12.93798,12.576343,12.424986,12.371528,12.097428,12.150267,12.009202,12.299963,12.55055
DEU,0.947328,0.94461,0.972569,0.986946,0.986136,0.98502,0.974479,0.973062,0.968715,0.954119,0.943092,0.929693,0.913257,0.895887,0.875038,0.872721,0.84758,0.837113,0.820401,0.81113,0.80518,0.788739,0.787246,0.774784,0.768937,0.778122,0.752608,0.744783,0.735448,0.717745,0.706836,0.70199,0.694484,0.703527
DJI,,,,,,,,,,,,,,,,,,,,,,93.57182312,97.23897044,98.06256479,98.93170785,99.03637048,100.6768585,99.52359772,95.03245544,93.40950012,91.47750854,90.22789001,88.18648183,88.96886562
DMA,1.75573627,1.828235407,1.865916323,1.871555533,1.972418476,1.947057209,1.974479544,1.969052879,1.996629612,2.018705264,1.985818606,1.982568627,1.967665177,1.869380867,1.889458711,1.805484886,1.792931099,1.77225909,1.764985315,1.89456789,1.877378651,1.870429516,1.861289932,1.871299295,1.817031361,1.849294052,1.835991596,1.74907136,1.651061893,1.599572659,1.483801842,1.430598259,1.384115092,1.373714974
DNK,9.128273,9.064496,9.009282,8.851713,8.80232,8.732097,8.710538,8.701121,8.661746,8.752578,8.670198,8.691834,8.561606,8.647378,8.459586,8.569438,8.28716,8.160592,7.944128,7.731361,7.59215,7.466492,7.564136,7.354846,7.328674,7.305357,7.079856,6.871679,6.765997,6.538391,6.365057,6.232205,6.153561,6.106244
DOM,3.012816567,4.611771279,4.760092506,4.881614126,5.264011376,5.653576193,5.755674708,6.192869863,6.522394596,6.677973399,7.000725779,7.260145379,7.643811575,10.00403751,14.14219607,14.50499453,15.00555975,15.44262467,16.72512929,17.20408733,17.92276395,18.97597885,20.07920289,20.66036472,21.01171218,20.69375237,20.2578266,20.91620255,21.688797,21.234972,21.22900391,22.1248188,22.88403545,23.49760109
DZA,3.126816657,4.651386573,5.544894843,6.154473841,7.777974843,9.795312445,11.92992418,12.5488546,12.02084073,13.13992086,15.76273657,15.34264664,15.31528043,16.36180998,17.7571596,19.34565329,20.79020766,21.67806531,24.48360174,22.53922501,25.73290522,29.4758873,32.39485693,33.02465504,33.4217802,34.16624139,36.03880866,37.45825195,38.87734985,38.38938522,37.43886566,38.76309967,44.50111666,41.96649166
EAP,,,,,,,,,,,,,,,,,,,,,,,,,,,,,,,,,,
EAR,,,,,,,,,,,,,,,,,,,,,,,,,,,,,,,,,,
EAS,,,,,,,,,,,,,,,,,,,,,,,,,,,,,,,,,,
ECA,,,,,,,,,,,,,,,,,,,,,,,,,,,,,,,,,,
ECS,,,,,,,,,,,,,,,,,,,,,,,,,,,,,,,,,,
ECU,0.300494876,0.310689982,0.316839377,0.317679511,0.357721082,0.368673325,0.367440164,0.38651835,0.367764423,0.267260409,0.241180552,0.298606584,0.327812034,0.357621399,0.370512225,0.390082401,0.411397443,0.428837853,0.484237289,0.467941973,0.503995944,0.527572334,0.549960872,0.540855147,0.541231104,0.54939296,0.543826095,0.528539717,0.517270744,0.49470225,0.473994911,0.448739469,0.428426846,0.411672575
EGY,0.460036472,0.516743317,0.597943489,0.633332733,0.672483348,0.733760049,0.77178373,0.833631688,0.843967731,0.839842868,0.85363323,0.850427546,0.863923182,0.904615562,0.983730007,1.013081773,1.055106601,1.156667959,1.273294841,1.407041414,1.530647431,1.67461729,1.738121821,1.856522731,2.129368703,2.250485684,2.499198869,3.169147015,3.581174374,3.893379688,3.695092678,3.85461998,3.976507603,4.788176906
EMU,,,,,,,,,,,,,,,,,,,,,,,,,,,,,,,,,,
ERI,,,1.062491614,1.023534451,1.224110151,1.334455229,1.429386143,1.459915999,1.57519915,1.58923192,1.942189447,2.185801123,2.499930095,2.987748295,3.631046508,3.789061901,4.094519468,4.277059964,4.870803298,6.269242327,5.188798387,6.077217994,6.375450496,6.061408941,6.028778011,5.771684116,5.740963008,5.392687798,4.960841396,4.690914663,5.014288098,4.938478947,,
ESP,0.618359,0.639613,0.667328,0.681454,0.693093,0.712347,0.722514,0.723814,0.723829,0.73921,0.739777,0.747518,0.742312,0.759222,0.765873,0.769508,0.736002,0.732244,0.725862,0.718702,0.72705,0.714129,0.694976,0.6748,0.662359,0.66474,0.642644,0.630839,0.631798,0.604131,0.606275,0.590962,0.57881,0.572592
EST,0.004518953,0.010165954,0.096774731,0.174704,0.238906,0.307611,0.377338,0.40957,0.435423,0.462332,0.46886,0.487869,0.486245,0.485746,0.493635,0.503328,0.520794,0.551057,0.545055,0.517135,0.512185,0.5116,0.521063,0.522424,0.52689,0.53758,0.527849,0.534908,0.538757,0.52869,0.515202,0.524476,0.556882,0.562992
ETH,1.30103355,1.498645215,1.692840799,1.874849784,1.889459455,2.085808244,2.053206822,2.022571692,1.997090252,2.012994195,2.102257563,1.937636036,1.838889575,2.03353031,2.057734761,2.192210828,2.372304688,2.707476758,3.461465863,4.27094343,4.28061851,5.035502911,6.616768794,7.029231055,7.066470211,7.654185969,7.910324952,8.336392403,9.31989193,10.36759758,11.79116535,13.73111248,17.27498924,22.17117221
EUU,,,,,,,,,,,,,,,,,,,,,,,,,,,,,,,,,,
FCS,,,,,,,,,,,,,,,,,,,,,,,,,,,,,,,,,,
FIN,1.00593,0.987734,0.974299,0.968547,0.965796,0.985701,0.992005,0.989353,0.991532,0.992037,0.983998,1.002642,0.998133,1.001946,0.973183,0.979424,0.95287,0.934604,0.912125,0.896528,0.900632,0.898068,0.908495,0.905357,0.90721,0.907748,0.880895,0.863657,0.853746,0.826328,0.802112,0.782813,0.769643,0.764142
FJI,0.647576258,0.663933381,0.690079573,0.722888214,0.713636449,0.706882378,0.714085664,0.725075925,0.770420749,0.810810332,0.755429162,0.762770603,0.775632812,0.819204422,0.815254919,0.842998296,0.848419536,0.851023196,0.852955315,0.859515994,0.885114988,0.948667109,0.929814844,0.934859348,0.932632883,0.911280754,0.937498468,0.939452171,0.960431039,0.97249794,0.935144365,0.910048425,0.871207956,0.877554299
FRA,1.025598,1.017318,1.014216,1.006817,0.994883,0.98541,0.981549,0.969392,0.961582,0.952721,0.930251,0.911679,0.900678,0.929842,0.9351,0.916458,0.894693,0.88857,0.881874,0.862991,0.85478,0.841361,0.844301,0.811643,0.807565,0.808694,0.780044,0.770109,0.756166,0.705954,0.693052,0.685873,0.674142,0.672356
FRO,,,,,,,,,,,,,,,,,,,6.367860112,6.412919619,6.7896145,6.580026997,6.308513735,6.29718075,6.354714939,6.602248259,7.048762566,6.950629711,6.699643431,6.760001998,6.605008779,6.377927303,6.190119652,
FSM,0.864057527,0.878429481,0.884885617,0.890434148,0.894617423,0.895941246,0.896282972,0.88682673,0.903203117,0.883612621,0.873362605,0.863601237,0.851187198,0.831668064,0.817934109,0.809698418,0.796352183,0.799959104,0.824118513,0.862981906,0.883339899,0.87929396,0.924702201,0.915019505,0.926551735,0.869832031,0.880549626,0.947756064,1.011698793,0.960855602,0.913286808,0.890568631,0.924514915,0.946808219
GAB,146.7791357,125.8403843,123.2996948,119.8311198,171.9429128,170.6670701,190.3296062,188.8741103,153.554457,180.4697841,226.0422634,207.2423056,205.8175083,201.3944758,211.3499329,246.1031359,262.3000266,266.1871903,314.6374066,256.1880396,295.0382859,325.7325439,324.672802,313.3358784,305.8664916,291.2216719,282.6792418,271.6261597,274.4210815,273.3522034,262.6354675,244.9225464,260.5147901,232.7143268
GBR,0.630602,0.649129,0.655742,0.658066,0.653286,0.713383,0.713109,0.708803,0.720718,0.725819,0.704522,0.694477,0.689877,0.69584,0.68782,0.707619,0.696492,0.709077,0.701691,0.710094,0.702364,0.706052,0.701634,0.695248,0.698444,0.692551,0.688603,0.684601,0.687714,0.669665,0.653446,0.644896,0.651256,0.667418
GEO,5.43E-07,8.52E-07,1.18E-05,0.001784891,0.107326982,0.276193435,0.387937986,0.406283489,0.429652156,0.464873913,0.475842923,0.490374654,0.511452353,0.518733335,0.547752183,0.573243106,0.603069037,0.642750864,0.691090327,0.672184336,0.758468684,0.811295331,0.743673982,0.725892426,0.724575738,0.755844017,0.750560318,0.808301926,0.810541391,0.797049463,0.796508133,0.86562115,0.874471557,0.864621897
GHA,0.017222948,0.019998354,0.021732925,0.027971677,0.035638295,0.049931998,0.068568452,0.080522055,0.09320236,0.104741619,0.130311081,0.171814002,0.207790473,0.262257704,0.292038899,0.325531873,0.356179061,0.402630687,0.471694217,0.542248034,0.624646347,0.697181165,0.760881671,0.871647762,1.025692312,1.231947858,1.492734307,1.693591118,1.819233775,1.900217533,2.032516718,2.148745775,2.572854461,3.303536468
GIB,,,,,,,,,,,,,,,,,,,,,,,,,,,,,,,,,,
GIN,458.16168,557.5960871,688.1177706,676.7137012,672.0280517,697.4004006,695.4499383,693.4651261,708.5571183,728.2077583,756.9395907,753.2436871,744.9273859,846.733341,960.7905947,1186.749277,1583.931752,1752.174515,2006.223348,2029.2382,2327.710314,2485.900879,2729.403404,2806.856478,2865.039211,2899.107852,2831.134954,2819.405518,2956.568604,3049.657715,3024.846191,3108.34375,3223.079652,3339.638799
GMB,2.362228505,2.473609349,2.590692232,2.66084335,2.703626172,2.753054669,2.782278726,2.840272524,2.879417464,2.962483776,2.961087124,3.333911171,3.811568573,4.761591851,9.00440433,9.089820791,8.932806529,9.081142668,9.130067861,9.483642425,9.898633802,10.14197159,10.75930175,11.71617441,12.25860851,13.23113423,14.00850761,14.68756771,14.72011948,15.25997925,14.65876198,14.74182224,14.96234859,16.30165251
GNB,26.57381555,43.15646903,69.61366199,101.3627228,122.3173122,173.3943533,237.0829662,312.627709,341.120737,294.5771733,221.9951712,225.2742354,229.3123498,223.590177,205.8014733,205.7594853,191.1340537,197.2397567,218.2086916,208.5753034,216.8175827,230.3917694,231.436308,228.2490677,221.1271997,220.4530136,220.7736592,218.4277802,218.2228546,211.4972992,208.3401642,203.7161255,204.2090595,210.8402936
GNQ,140.0164036,140.2470531,115.9729139,110.2366625,134.4038987,141.7550768,140.3496919,119.8312467,81.09402931,111.273891,159.4725892,137.2899406,133.0492139,131.3025777,149.5023532,206.676453,226.5103474,227.2345757,267.1704059,210.2215871,259.4277081,297.509491,294.4496435,288.524324,282.4884764,275.2568406,265.2820446,245.9704742,244.4173737,242.3279877,242.5738525,228.967514,256.1258494,228.9295371
GRC,0.335725,0.389002,0.43662,0.48805,0.531278,0.57132,0.601599,0.627288,0.64792,0.67328,0.669688,0.668452,0.662967,0.685044,0.694494,0.708976,0.692459,0.718154,0.707951,0.704453,0.722101,0.713163,0.684663,0.631286,0.611135,0.60907,0.58858,0.575041,0.564857,0.540972,0.530251,0.520093,0.509116,0.516235
GRD,1.652636026,1.705198751,1.734086858,1.725839088,1.743675588,1.760010689,1.77456908,1.775620295,1.786401569,1.781229723,1.788670759,1.786790054,1.765996049,1.730470035,1.719382734,1.708617987,1.734288588,1.727706403,1.828070508,1.816684573,1.80348339,1.770994782,1.810889109,1.790002905,1.763326754,1.776404427,1.781242962,1.750419497,1.704187632,1.717703104,1.686156631,1.698250771,1.612322321,1.600299519
GRL,5.539993249,5.531604833,5.491952053,5.420691109,5.332226616,5.3300949,5.285568901,5.221775712,5.214265622,5.196031685,5.18815105,5.246529693,5.32655945,5.564678151,5.389779576,5.057168819,5.015691885,4.881067915,4.692386551,4.921923262,4.961424884,5.001331695,5.079063626,5.047375857,5.010101847,5.368323272,5.505918886,5.585740089,5.572713683,5.532531364,5.516859437,5.27412653,,
GTM,1.001899841,1.288695581,1.371634308,1.53421509,1.678226583,1.786240318,1.910243722,2.032922344,2.201359153,2.28007663,2.381854818,2.50626116,2.627563387,2.691901309,2.779319312,2.847578702,2.899994969,3.024400937,3.246373024,3.342631437,3.472164811,3.636532545,3.547114411,3.51432478,3.463215908,3.336025779,3.353478465,3.324187033,3.290556803,3.228698042,3.158255755,3.213164806,3.188648376,3.227963678
GUM,,,,,,,,,,,,,,,,,,,,,,,,,,,,,,,,,,
GUY,17.27428062,39.18937992,42.64622592,48.72031063,55.60711189,61.1925238,62.45435259,62.28171165,63.41879427,69.54424333,72.48258557,71.11467687,71.86028855,73.79413574,76.73051323,80.0761634,82.05193841,90.02738809,96.76489997,97.28070094,99.93049395,100.2694702,104.6980572,101.9079324,101.3754122,102.0947966,105.2706123,104.2122955,100.9724655,100.8698196,83.99428558,89.91506958,94.07080731,77.82059425
HIC,,,,,,,,,,,,,,,,,,,,,,,,,,,,,,,,,,
HKG,5.755598977,6.076200635,6.528924313,6.927060766,7.210963867,7.355251553,7.647986818,7.95140961,7.958962897,7.526481697,7.109962121,6.830043402,6.496734696,5.988204517,5.621994925,5.442900282,5.251830944,5.273725684,5.240338035,5.188659737,5.140234933,5.232639313,5.463108596,5.565658854,5.734369908,5.869123013,5.980741949,6.070400238,6.247290611,6.18961668,6.147001743,5.872040749,5.578505427,5.552944236
HND,1.969911216,2.406299684,2.439127163,2.64256477,3.139423478,3.804144322,4.415418366,5.05117305,5.509474021,5.844156203,6.266596382,6.624056711,6.857435145,7.111992519,7.372601417,7.668813029,7.837302419,8.136134537,8.604203191,9.205965262,9.520735947,10.05656147,10.32342836,10.23821178,10.2576083,10.28602947,10.15939882,10.08325863,10.45760155,10.60140419,10.53457642,10.58992386,10.81463794,11.07900078
HPC,,,,,,,,,,,,,,,,,,,,,,,,,,,,,,,,,,
HRV,0.000840774,0.001620812,0.011011231,0.168528141,0.349412437,0.422764568,0.431668532,0.45451008,0.484991721,0.497224288,0.502556415,0.513992287,0.505079799,0.528744756,0.531954611,0.543306229,0.519494341,0.512936403,0.513968934,0.510020915,0.514214892,0.498088128,0.486340311,0.474524449,0.470334009,0.46620587,0.448887639,0.441300421,0.439481678,0.420483275,0.410348969,0.407480861,0.418247328,0.432290263
HTI,1.767390763,1.959349621,2.316230179,2.677483958,4.108112315,4.666072777,5.039329471,5.584384696,6.304139305,6.653258579,7.225191466,8.002223408,8.685161308,10.04883718,11.67461601,12.45982655,13.72105046,13.90847859,15.37513556,17.05369298,18.09471033,18.49496269,20.00017616,20.66374719,21.18490118,22.64506787,24.46493118,27.42480278,30.61845398,35.14567566,41.55395889,47.49952698,57.77691049,73.31135387
HUN,22.92519996,30.095271,35.753719,42.357542,49.55526,61.5129,73.882904,87.398455,97.823073,104.545883,110.072623,114.406399,118.141282,122.005454,128.378355,130.929945,131.491355,134.036374,131.005355,127.694039,126.432497,124.271836,125.623608,124.979432,129.414974,132.55351,132.033797,136.036522,139.092451,138.79714,141.838435,147.108198,156.944391,170.212279
IBD,,,,,,,,,,,,,,,,,,,,,,,,,,,,,,,,,,
IBT,,,,,,,,,,,,,,,,,,,,,,,,,,,,,,,,,,
IDA,,,,,,,,,,,,,,,,,,,,,,,,,,,,,,,,,,
IDB,,,,,,,,,,,,,,,,,,,,,,,,,,,,,,,,,,
IDN,349.7309902,368.4179359,386.4644282,449.820132,474.6656682,510.8611763,545.204682,603.3401276,1045.728708,1177.158453,1386.451585,1549.758991,1616.020707,1671.694194,1767.11688,1958.95419,2168.060922,2348.526121,2722.326442,2929.523479,3336.15075,3512.753906,3577.518924,3781.778237,4056.662662,4390.646497,4566.570668,4756.168945,4833.599121,4847.445313,4791.006836,4808.429199,4921.885339,4821.594574
IDX,,,,,,,,,,,,,,,,,,,,,,,,,,,,,,,,,,
IMN,,,,,,,,,,,,,,,,,,,,,,,,,,,,,,,,,,
IND,5.495488411,6.046729059,6.442023206,6.913450316,7.444461724,7.952394189,8.400987207,8.793419976,9.392231585,9.545346381,9.674133405,9.765331406,9.973197288,10.15838199,10.45874648,10.71089194,11.26336361,11.72780222,12.56398134,13.36609206,14.59563226,15.5495491,16.13566331,17.28834281,18.30076662,19.11544121,19.7442391,20.45557785,20.47459602,20.23950005,20.31936646,20.72789574,20.67105861,20.21662675
INX,,,,,,,,,,,,,,,,,,,,,,,,,,,,,,,,,,
IRL,0.784333,0.772343,0.77637,0.797646,0.794203,0.801493,0.80763,0.834603,0.86336,0.913882,0.943829,0.969344,0.981997,1.00388,0.991124,1.011707,0.978238,0.957575,0.944447,0.901311,0.84965,0.831513,0.823072,0.811228,0.819041,0.809686,0.794289,0.794405,0.792214,0.794143,0.775446,0.755709,0.737879,0.751366
IRN,96.67392178,117.4664945,148.5477768,217.5126301,285.2277212,385.3562521,487.5427488,553.7005311,598.9150411,777.8113136,950.1902584,1066.847803,1347.607351,1495.116074,1815.707026,2115.534365,2351.517181,2814.676293,3297.803092,3428.307983,3925.111954,4758.869629,6093.5625,8503.84668,9758.553711,10701.56152,11796.81055,13061.29492,16923.19922,23549.04102,32954.58594,50488.17188,71026.72848,91081.21115
IRQ,,0.886890152,1.773286543,3.7150672,18.0574437,69.92713963,60.05590097,113.056724,94.06786569,158.7488609,193.4390518,152.9576645,162.9099985,181.8958206,207.7981355,273.7274803,326.731414,364.0559773,464.9530605,371.8948655,428.3741289,523.34021,524.5026705,528.6354101,553.360836,555.2675008,563.8148325,552.9022827,554.9608765,547.3392334,484.26474,554.4653931,657.8196101,519.2398195
ISL,67.341808,70.58806,71.3958,71.020242,71.345633,71.975026,74.146397,73.678059,76.663296,79.246596,84.722798,88.294875,91.105413,92.603085,93.284087,95.840665,101.633396,107.33647,114.527003,121.97951,132.90391,135.152004,136.96767,137.022617,138.547869,141.974926,140.02995,138.277175,140.970278,138.667852,143.25338,141.919971,138.343002,140.155004
ISR,1.709394,1.986318,2.176237,2.361609,2.602139,2.779842,2.981079,3.168948,3.348368,3.504641,3.432626,3.415999,3.462676,3.624965,3.535956,3.716937,3.807122,3.738271,3.867205,3.989863,3.990721,3.944763,3.955358,3.839566,3.940387,3.923925,3.788511,3.751633,3.784664,3.816864,3.746701,3.650573,3.539881,3.586914
ITA,0.691921,0.720028,0.734736,0.745614,0.755886,0.776826,0.797961,0.804355,0.799838,0.806447,0.805259,0.816275,0.823489,0.833418,0.851839,0.855139,0.822847,0.809197,0.783694,0.771345,0.773262,0.758687,0.747731,0.737299,0.739644,0.738694,0.700544,0.689895,0.681219,0.647298,0.632292,0.617429,0.595658,0.604018
JAM,2.745368928,4.066499184,6.36285169,9.49771782,12.19187558,14.9491874,17.45092875,18.80347977,20.14399295,21.23664439,22.96478771,24.21254215,26.00781276,28.46890939,31.28824414,33.81631746,35.70729576,38.70113717,43.11323953,47.84364606,51.90640859,53.8049469,56.60693584,59.61132214,63.1997713,65.90626964,66.67552449,68.5327301,71.63314056,74.13214111,77.28101349,81.32698059,85.70082771,92.35014223
JOR,0.176581997,0.180089399,0.187942122,0.189041194,0.197789497,0.197378606,0.197796895,0.196865726,0.206367049,0.202728068,0.197417155,0.194564006,0.193357997,0.193685932,0.194451689,0.192323109,0.206438246,0.211140795,0.256088068,0.262565088,0.280366412,0.290935189,0.303982846,0.311815298,0.325406556,0.320099445,0.323572038,0.311540961,0.32549578,0.314005554,0.298109263,0.3234725,0.31005356,0.30446878
JPN,187.613076,186.74709,185.648576,182.308239,178.830028,174.240281,170.344605,168.301729,166.384091,162.03574,154.691385,149.641888,143.774205,139.579081,134.401332,129.551955,124.448861,120.319482,116.845814,115.219075,111.709563,107.454281,104.273972,101.302673,103.052076,103.469437,105.519502,105.101901,104.158636,103.231509,100.742048,98.690527,94.935505,94.677395
KAZ,0.000686289,0.001303492,0.020037097,0.262957767,4.239670683,10.83367225,14.77739154,16.87090162,17.62815778,19.69056116,22.60976239,24.35764895,25.37682343,27.8066964,31.4467386,35.94087887,42.37982777,47.66871612,56.55916419,58.84943076,69.50526623,82.09009552,83.87394236,86.32041979,92.95147681,100.5485038,111.098913,121.6137848,130.108551,126.1687546,124.8751755,129.0630035,144.4095623,152.3542149
KEN,8.464453819,9.213628417,10.7106688,13.15141697,15.06759361,16.41418464,17.58853709,19.26756522,20.37410024,20.9323641,21.71317434,21.5690799,21.43723034,22.32499695,23.28978148,23.68816747,24.76887204,26.07598801,29.45921306,32.68587101,32.82276697,35.39612198,38.14916244,38.00678073,38.80719425,39.74619238,40.27688517,41.27944946,42.1700058,42.65595245,42.81653976,42.33165359,41.92342368,43.12245917
KGZ,0.003831634,0.008701326,0.079128921,0.660444935,1.816243838,2.526654825,3.358167965,3.9386943,4.248482291,5.763269817,7.166342425,7.522465858,7.557376796,7.705616338,7.887179589,8.192553052,8.693861818,9.723766735,11.65935569,12.05549018,13.10585275,15.727808,15.30660047,15.37130277,16.04632376,17.16017107,16.75466136,16.97979164,18.4928894,18.70968056,18.3638649,19.918993,22.2667205,24.3658327
KHM,86.81178392,174.1915746,298.7615593,605.2842707,948.0030141,1002.856115,1014.69114,1057.389973,1153.942882,1152.195774,1078.41638,1082.58075,1073.617127,1071.755753,1094.034885,1125.23465,1142.124251,1184.477729,1304.487416,1328.96003,1353.976763,1371.235352,1342.429684,1351.397929,1403.651317,1419.624906,1431.956435,1464.890991,1468.921753,1468.902588,1433.769165,1426.959839,1387.358418,1370.479956
KIR,0.526029273,0.607779512,0.761343975,0.77027677,0.783443151,0.753532219,0.827509927,0.8352242,0.875443365,0.904907696,0.890833123,0.878855372,0.932539179,0.996829255,0.936489281,0.942423947,0.862658588,0.902330393,0.967816744,0.984318642,0.962676747,0.961621382,0.938775466,0.898365058,0.925986847,0.945663065,0.952445144,0.945901426,0.961692389,0.912577212,0.941358622,0.983862196,0.896498866,0.893225827
KNA,1.486415004,1.487240404,1.53113194,1.525456217,1.58724382,1.566828466,1.548596144,1.597169681,1.623645736,1.64549802,1.638136712,1.665120424,1.696634744,1.691561465,1.710506035,1.631574157,1.807015567,1.870618165,1.862449637,1.907352163,1.89443693,1.961193919,2.017936954,2.037258886,2.040409253,2.042147869,2.046675735,2.050651789,2.007921219,1.961321473,1.863400578,1.843171954,1.780822192,1.823017131
KOR,559.920181,591.112647,622.893976,646.528116,684.657732,717.702429,733.769744,750.208045,775.06307,754.89297,747.736794,756.699134,769.77179,791.293714,794.711552,788.920135,772.216161,770.085526,785.717886,828.420848,840.991702,854.585723,854.887268,869.081422,871.878106,857.483387,858.809687,872.624771,854.871397,847.547829,829.359157,827.274374,810.430886,800.348017
KWT,0.102395791,0.099013503,0.098582858,0.089187089,0.082196328,0.08441338,0.095753082,0.089691305,0.07347797,0.08555892,0.100833009,0.091000942,0.094221733,0.096944074,0.105140523,0.124138377,0.139905009,0.14208186,0.165411516,0.136176178,0.149479689,0.171689406,0.177855684,0.183309784,0.184760306,0.198600795,0.197206611,0.189230144,0.188494757,0.189867646,0.186391652,0.202588081,0.233435362,0.204475957
LAC,,,,,,,,,,,,,,,,,,,,,,,,,,,,,,,,,,
LAO,140.3834751,153.4057887,158.9778157,172.6629629,182.0714525,213.4377566,238.3685744,279.6767281,510.2811593,1147.075948,1399.816699,1490.394416,1560.317216,1735.908977,1871.167746,1971.041561,2118.678026,2216.228011,2367.05599,2283.567563,2463.637223,2666.534912,2618.479391,2719.065473,2747.665717,2832.497581,2775.053749,2808.074951,2855.975342,2902.381348,2953.514404,3031.696777,3279.037132,3936.354473
LBN,183.5215365,262.115678,505.9745722,616.553627,651.1950096,705.934905,705.2925817,773.3942923,795.5279773,790.8037808,757.141205,729.1748966,753.351915,750.4481037,721.7734875,692.3969663,677.5991162,680.3941436,717.8198612,786.7915606,781.8423633,788.7518065,786.1339199,754.1724728,707.7688883,682.2181284,643.8123447,619.0128895,629.0792236,637.4685059,1261.380493,4099.507813,8125.001035,
LBR,0.219786316,0.224384433,0.217052427,0.227029931,0.234163377,0.244287085,0.253006771,0.22382404,0.206580669,0.205567583,0.309184509,0.304553125,0.295716115,0.33497268,0.381192701,0.371415035,0.393217183,0.428853877,0.493647428,0.47726252,0.502238238,0.545838708,0.551767137,0.522556696,0.498116481,0.516691388,0.479498014,0.41999536,0.384615516,0.346489368,0.371666181,0.433967147,0.440555981,0.439516464
LBY,0.107222871,0.098397576,0.105053298,0.104297821,0.106995893,0.114845511,0.125933185,0.136686386,0.126209291,0.161755763,0.179220682,0.187867275,0.235397968,0.263995062,0.315196149,0.392923049,0.45618053,0.454981899,0.552215655,0.412461171,0.486070535,0.592176242,0.704332749,0.718589882,0.648675126,0.575411508,0.616923074,0.770584822,0.809508692,0.860261436,0.843019121,1.762639523,2.028069286,1.796143829
LCA,1.601670198,1.634212892,1.625685897,1.603993606,1.610958846,1.657797386,1.621430756,1.639749218,1.660932377,1.675957714,1.704452717,1.651714227,1.633135666,1.685188203,1.652679605,1.712954944,1.747714219,1.762716348,1.773197591,1.767939788,1.841433277,1.829693198,1.859854007,1.845718451,1.883000914,1.944125262,1.876491622,1.896934867,1.803174615,1.701983571,1.522911668,1.47842586,1.494186396,1.502117281
LCN,,,,,,,,,,,,,,,,,,,,,,,,,,,,,,,,,,
LDC,,,,,,,,,,,,,,,,,,,,,,,,,,,,,,,,,,
LIC,,,,,,,,,,,,,,,,,,,,,,,,,,,,,,,,,,
LIE,,,,,,,,,,,,,,,,,,,,,,,,,,,,,,,,,,
LKA,9.956479794,10.65396163,11.39612772,12.23261325,13.14709455,14.07511523,15.3172616,16.40141203,17.71358747,18.19349537,19.08519733,19.62600381,20.89330013,22.28128221,23.60754015,25.27466948,27.28352212,30.29033203,34.56978009,36.37806966,38.56461533,39.28888702,41.43121018,42.90531364,44.24623885,45.11238913,46.1923261,49.27409363,49.96760178,51.70858765,55.16009521,55.52654648,76.49543422,86.73531779
LMC,,,,,,,,,,,,,,,,,,,,,,,,,,,,,,,,,,
LMY,,,,,,,,,,,,,,,,,,,,,,,,,,,,,,,,,,
LSO,1.115999134,1.271936292,1.416941338,1.540511864,1.625451208,1.79611846,1.869692612,2.003765196,2.178104494,2.322348166,2.413979815,2.631679777,2.959569197,2.973050184,3.173145997,3.258904974,3.455770908,3.13977595,3.595466646,3.657224393,3.806158747,4.080752373,4.364680769,4.375665259,4.59576909,4.713989734,4.962021791,5.440633297,5.88551569,6.087206364,5.907959938,6.194139481,6.01523601,5.798235385
LTE,,,,,,,,,,,,,,,,,,,,,,,,,,,,,,,,,,
LTU,0.001313111,0.004170391,0.04249975,0.168634439,0.266874405,0.360843,0.422402,0.463889,0.472603,0.461163,0.451668,0.432748,0.420731,0.403968,0.414026,0.435161,0.446252,0.470091,0.492826,0.469406,0.450453,0.45192,0.452656,0.443345,0.442623,0.445856,0.438439,0.442719,0.44662,0.431815,0.433452,0.43449,0.466993,0.483176
LUX,0.926284,0.912317,0.925252,0.957812,0.971006,0.973243,0.975032,0.973729,0.964402,0.95763,0.955731,0.963365,0.956996,0.964662,0.951181,0.946363,0.916696,0.921209,0.900045,0.903032,0.925799,0.905099,0.90679,0.895254,0.884138,0.881261,0.851894,0.84831,0.848866,0.829429,0.838162,0.819534,0.810536,0.82753
LVA,0.004731845,0.012018655,0.121327098,0.182154349,0.243,0.296252,0.328142,0.341948,0.353089,0.354316,0.36081,0.353323,0.360954,0.378205,0.399322,0.438592,0.488891,0.565681,0.575539,0.521144,0.487088,0.498505,0.506202,0.499269,0.497562,0.497568,0.484533,0.484536,0.489931,0.479802,0.469668,0.481173,0.496877,0.5045
MAC,2.782391421,3.004961107,3.371055559,3.607051094,3.770143387,3.994952614,4.012051176,4.009517007,3.887998008,3.788072346,3.639495305,3.506703303,3.406858295,3.342587255,3.318003554,3.396255363,3.549822696,3.759016913,4.059453705,4.071772381,4.215608495,4.439786911,4.565290928,4.643870831,4.860661983,5.137023449,5.117854118,5.154916286,5.212246777,5.243464455,5.162554779,4.897174411,4.632518544,4.761460759
MAF,,,,,,,,,,,,,,,,,,,,,,,,,,,,,,,,,,
MAR,4.057606446,4.136673235,4.230061821,4.257526254,4.195838068,4.419474633,4.358919388,4.315595359,4.284333055,4.219475448,4.053081841,3.988187345,3.964842922,3.921533348,3.8537282,3.769684033,3.709766647,3.726463992,3.832623081,3.791890559,3.770619256,3.67227602,3.736094319,3.766649918,3.990338816,3.939055643,3.922472086,3.937086105,4.213162422,4.192975521,4.028110504,3.946280718,3.799199333,3.818927832
MCO,,,,,,,,,,,,,,,,,,,,,,,,,,,,,,,,,,
MDA,0.000742998,0.001723619,0.017611019,0.165229824,0.608989871,0.827546376,1.039012532,1.149103945,1.243849858,1.714413422,2.134588616,2.339955842,2.530587515,2.850505999,2.997571077,3.178022971,3.496624395,3.945985457,4.229276295,4.294537982,4.712711234,4.995654106,5.025430163,5.01984435,5.342622212,5.625626285,5.493488944,5.677343369,5.884372711,5.771692753,5.603167534,5.946758747,6.625217066,6.948880475
MDG,83.58747069,87.75817757,98.30200209,105.6187818,143.7328144,209.8146488,246.7581751,253.4715026,266.2200501,281.3772262,306.9798713,323.9880911,371.6656842,358.2593167,397.566369,456.2686633,490.2697727,526.4457847,555.1607607,589.9897897,642.4702827,694.8626709,740.1117444,771.836097,814.7194089,872.8717767,923.4951219,990.8403931,1079.0802,1121.694458,1145.665649,1173.855225,1188.000549,1248.82975
MDV,2.018254173,2.347663032,2.585557367,2.807400903,2.978512304,2.939739897,3.021310786,3.091879192,3.022722788,3.062608696,3.055637391,4.509204355,4.462295399,4.396292514,4.708002334,4.982931659,5.295125847,5.70837421,6.24817281,6.980667091,7.124127891,7.861625671,8.157437392,8.253084598,8.183590072,8.2912451,8.14523105,8.180505753,8.028241158,7.82544136,8.471082687,8.210669518,7.915569712,7.85656492
MEA,,,,,,,,,,,,,,,,,,,,,,,,,,,,,,,,,,
MEX,1.349533,1.608899,1.799743,2.08436,2.211403,3.006586,3.740756,4.329472,4.954133,5.63367,6.078397,6.32926,6.553697,6.647216,6.998924,7.126862,7.12989,7.367679,7.469532,7.492563,7.727342,7.673013,7.858708,7.884359,8.045318,8.327595,8.446043,8.913552,9.276363,9.528366,9.814966,9.941686,9.681626,9.65993
MHL,0.834601571,0.848023224,0.854118102,0.85965319,0.863772915,0.869783465,0.878027582,0.914511153,0.928593401,0.938638056,0.907606427,0.88479589,0.9063071,0.897171108,0.890927538,0.880801996,0.884174212,0.874244676,0.904623527,0.894756408,0.892484195,0.938595164,0.978469284,0.95697239,0.949708356,0.910566955,0.968259404,0.9719187,0.92668725,0.873145478,0.920480419,0.932033025,0.880012328,0.90270995
MIC,,,,,,,,,,,,,,,,,,,,,,,,,,,,,,,,,,
MKD,0.048216404,0.090443267,1.21293671,6.423430611,15.84145702,18.16808982,18.35258052,18.75036611,18.75161207,19.03919586,19.94377217,20.49553948,19.63417085,20.09957559,19.26140448,19.29373326,18.88567432,19.50950753,19.2643111,18.364957,18.73435158,19.29061052,19.00454092,19.10633876,18.9972554,19.44201226,18.95938822,18.97197096,18.95237191,18.25664568,18.06384025,17.7484897,18.13368174,18.65168287
MLI,129.2301792,117.732584,115.9598559,116.9394223,159.7915416,181.2526571,175.0533328,181.6885309,182.7947716,174.4494369,169.5281808,173.5514818,176.8991369,160.3000854,161.7198934,168.5663303,171.122263,174.1975004,183.3403153,190.66387,196.5971287,216.0901642,223.8343599,216.3171303,214.2180457,212.6414644,204.2139066,205.8392029,206.1663818,201.9513855,201.4440308,203.7225342,201.223243,199.6970031
MLT,0.569641363,0.569470896,0.576573015,0.579300033,0.587391249,0.579825172,0.576453735,0.575265065,0.580713388,0.583355754,0.579981396,0.588925669,0.570763417,0.573870642,0.566247304,0.572736057,0.571621256,0.567990907,0.571567121,0.569481966,0.572601081,0.574181531,0.579760032,0.577507649,0.586400998,0.599742644,0.583039876,0.586479303,0.586759201,0.563557977,0.557568015,0.552444223,0.553641521,0.561048151
MMR,8.650965026,10.35527347,12.32618018,16.40548672,19.60914865,22.97107532,27.75490818,36.5049552,49.03189036,59.29388398,59.40786139,72.53418173,101.0716943,119.4299704,120.4906963,139.2159151,163.8177282,197.207773,219.8293516,229.1406494,242.3344525,261.7839355,267.4871644,278.540663,293.9769791,318.9356655,347.0122667,366.6393127,343.6014404,350.6853333,354.559967,410.4725952,407.1083572,422.3180628
MNA,,,,,,,,,,,,,,,,,,,,,,,,,,,,,,,,,,
MNE,,,,,,,,0.210336856,0.204201568,0.225835356,0.293479398,0.314847978,0.308192965,0.335972812,0.347136625,0.355414712,0.337302092,0.35037375,0.364062815,0.371858837,0.370064789,0.363822701,0.369788459,0.364024073,0.361811433,0.359664862,0.349155744,0.350987301,0.348377363,0.329704,0.320737542,0.326492326,0.338917785,0.355971914
MNG,1.753478738,3.278936783,8.774193373,35.90381553,57.76356337,90.67783236,98.67146285,118.0204731,114.4542452,125.1380518,137.0497867,148.0361792,155.0560581,167.6191574,190.4752183,221.8032241,262.4762532,285.269786,339.9075679,343.9949773,473.0174579,533.5269775,578.898302,633.386281,688.1736089,723.2398955,737.0713621,801.6688232,824.5257568,851.149353,822.0648193,870.1847534,956.9559624,1103.340171
MNP,,,,,,,,,,,,,,,,,,,,,,,,,,,,,,,,,,
MOZ,0.844097821,1.315030226,1.771867119,2.47434559,3.639766647,5.399573202,7.891067891,8.575308114,9.002242168,9.670003541,10.55415569,11.84750931,12.81322508,13.02253943,13.41632314,13.96210478,14.5550127,15.22488254,15.7067671,15.84017313,16.84645773,16.89354134,18.08286188,18.55586628,18.74829903,18.52346546,20.18601276,23.34384537,23.55126572,23.37877464,22.75609589,22.90715408,22.77017524,23.45702823
MRT,3.726701223,3.990890967,4.126019659,4.510631019,4.90621981,4.942031649,4.943307983,5.446394189,6.37964315,6.590971727,6.854338861,7.093980621,7.45448431,7.638054452,8.251577599,9.167644258,10.14655945,10.75770139,11.6853873,11.57207085,13.98764814,15.88449257,15.3115702,14.39916433,13.41659545,12.6922364,11.78230238,10.79906845,11.32204723,11.55683422,11.63316822,12.03512001,11.44988726,11.34488067
MUS,7.639758745,8.022735229,8.26405887,8.817030838,9.198616455,9.496523714,9.978786285,10.31195265,10.9074486,11.46207693,11.59038091,12.04155638,12.59473351,13.04540233,13.5734177,13.68036805,14.54087301,15.3335491,15.89918971,15.69835266,15.6845694,15.85335922,16.4036141,16.44904951,16.64886072,16.65629111,16.34486294,16.54456711,17.12804413,16.8357048,16.62539482,16.629076,17.02132433,17.51987529
MWI,1.464685441,1.636372649,1.812324207,2.26915407,2.803180906,4.865766168,7.279509407,8.647070027,10.22255301,14.08070716,17.97298067,22.08090866,35.2594987,38.15419661,42.67133787,45.81815974,53.32241441,54.04428726,59.36668291,63.66387922,70.52742878,78.76928711,95.0219592,116.2247771,149.4388837,192.1409471,229.4150819,262.3086548,286.320282,298.6713562,298.3864441,294.8579102,335.4348912,418.3092354
MYS,0.969632027,0.971534935,0.972820971,0.988183896,1.005620019,1.020756333,1.039292186,1.057252209,1.134356472,1.119036603,1.191147896,1.146490038,1.164269683,1.179393225,1.217525957,1.285135411,1.2963194,1.323733577,1.433632994,1.339465252,1.41955052,1.466134429,1.446341676,1.457530498,1.482936362,1.536420748,1.554682387,1.605616093,1.582747102,1.563443661,1.523446202,1.5147717,1.506347805,1.426268078
NAC,,,,,,,,,,,,,,,,,,,,,,,,,,,,,,,,,,
NAM,1.423778051,1.459655415,1.565678236,1.687904168,1.911612366,1.997456457,2.259232817,2.378912794,2.547013285,2.681883379,2.918324298,3.173821849,3.437893661,3.414186218,3.392613888,3.473621362,3.686679364,3.922762641,4.27047321,4.539078678,4.651669028,4.731508255,5.20011771,5.374661184,5.6261276,5.876198853,6.338653369,6.92160368,7.129662991,7.114708424,6.826316357,6.716983795,6.679761307,6.858195218
NCL,,,,,,,,,,,,,,,,,,,,,,,,,,,,,,,,,,
NER,156.1469998,147.050585,136.2951384,127.988393,153.1501455,156.3794126,164.2695345,172.7753165,181.2399874,179.3896999,180.9915979,185.8784337,187.7422831,183.760415,179.6407638,189.1325506,186.2196376,194.0655451,209.682692,217.1293109,221.976991,226.1277771,232.2574618,239.6651863,240.3512089,244.9508674,250.6456627,250.7884521,251.8530273,231.8972168,222.843277,212.8881378,206.877793,206.3646607
NGA,2.349652037,2.70152764,3.876221989,5.363120951,7.5244997,12.92705676,16.05759816,16.58339331,17.38456734,19.44425877,23.32465009,25.10956364,29.94461624,32.24388756,37.90791878,44.05455043,52.9354533,55.19826442,58.44467348,58.48493791,73.24002796,78.7765274,86.68154368,89.96098815,92.31954247,96.18936553,104.4999522,114.8244934,123.9148254,129.6474457,134.6390991,146.7176819,152.5708567,165.7852849
NIC,0.062826289,1.842392748,2.227636155,2.619789842,2.764561152,3.070432677,3.304898488,3.566547974,4.021682414,4.33143809,4.598318088,4.822713176,4.903178041,5.064579509,5.378341347,5.729385086,5.995283316,6.401875344,7.298314033,7.691317264,8.065421441,8.709558487,9.322143683,9.633043482,10.03150896,10.37699565,10.37183496,10.53589439,10.81957912,10.84630489,10.61035728,10.56432343,10.73573741,11.46318455
NLD,0.918099,0.915749,0.91769,0.910762,0.910114,0.909826,0.905466,0.908828,0.905952,0.906357,0.890437,0.904818,0.900863,0.925452,0.907767,0.897139,0.871921,0.860004,0.847775,0.848369,0.854194,0.836065,0.824408,0.798166,0.808798,0.809978,0.795448,0.78215,0.776747,0.767329,0.747828,0.733515,0.726469,0.739454
NOR,9.583006,9.474557,9.204187,9.197226,8.990885,9.075823,8.976598,9.058087,9.312419,9.283739,9.085403,9.174326,9.05673,9.196977,9.125391,9.005204,8.780173,8.920915,8.859281,9.084179,9.152811,9.082736,9.037085,9.029349,9.278458,9.932516,10.0419,9.74983,9.583999,9.481152,9.588324,8.962043,8.418371,8.894996
NPL,6.854543843,7.462068491,8.644736444,9.354467681,9.599998537,9.995310627,10.58348857,11.16139805,11.49075101,12.33735384,12.60363684,12.7467177,13.04555569,13.18576553,13.37546293,13.76244453,14.33334878,15.01632367,15.56041519,17.92525789,20.39255657,25.25461197,25.89791692,26.58075575,27.80819066,29.45492094,31.34876508,30.47510529,31.11036491,31.87537575,31.6953373,32.48167801,32.84586927,33.40715984
NRU,0.602184175,0.666459394,0.772965559,0.83896418,0.792117805,0.789568325,0.806808345,0.841688996,0.865075993,0.910396857,0.939788067,0.968622719,1.009933433,1.045974539,1.075923358,1.053021414,1.088630873,1.02166549,0.826653239,1.07588624,0.956671316,0.998753796,1.170713293,1.037847824,1.033728474,0.935344367,1.168915928,1.3268642,1.524770096,1.430568594,1.477405668,1.656384835,1.366486788,1.414194128
NZL,1.53733,1.492762,1.484894,1.483056,1.46265,1.464778,1.468975,1.449201,1.449358,1.43466,1.444836,1.472797,1.468962,1.49585,1.506677,1.535,1.481544,1.50563,1.490709,1.471839,1.497331,1.485915,1.495622,1.445979,1.44073,1.478014,1.441008,1.430959,1.47006,1.436661,1.422947,1.455754,1.45327,1.460444
OED,,,,,,,,,,,,,,,,,,,,,,,,,,,,,,,,,,
OMN,0.107434678,0.095089049,0.094153972,0.087017076,0.084814153,0.084531273,0.089167455,0.085696561,0.073428773,0.080396369,0.092301542,0.086150413,0.088822431,0.096114946,0.105773139,0.12559665,0.138446187,0.145933812,0.191498456,0.142499552,0.162801261,0.184847802,0.189539292,0.191851599,0.201313489,0.200559125,0.197362899,0.203804806,0.20254527,0.197977468,0.18353723,0.192684263,0.224375562,0.20163919
OSS,,,,,,,,,,,,,,,,,,,,,,,,,,,,,,,,,,
PAK,6.298030401,6.913969475,7.449527805,7.920223259,8.764953744,9.701554711,10.32490045,11.5082807,12.23687215,12.77347541,12.95531948,13.43185229,13.74496997,13.95771258,14.57782374,14.91997065,15.34170342,16.48021303,17.93438575,20.03015682,21.88511202,24.96168137,26.58982505,28.42439301,30.24798955,31.25346118,32.1021392,33.24623489,34.6823616,37.67061996,40.07473373,43.44072342,46.23137845,56.27446284
PAN,0.516643736,0.502206076,0.515867163,0.52183552,0.529727016,0.521269884,0.507074187,0.506497901,0.505865071,0.503008351,0.485727222,0.479915333,0.480469854,0.476498145,0.473138253,0.466774721,0.461731079,0.471242159,0.497136512,0.526061372,0.533207176,0.552960157,0.568205385,0.559820489,0.542055921,0.516884225,0.489893444,0.46803081,0.497522056,0.495729208,0.491933197,0.501403868,0.479895693,0.470127946
PER,0.073761896,0.341077206,0.564446473,0.80713154,1.001163916,1.113757907,1.199692357,1.265248964,1.318389701,1.338142417,1.354623329,1.330824194,1.311888344,1.309693722,1.355479856,1.360319895,1.42065857,1.403803325,1.392462445,1.412486724,1.475221832,1.542905331,1.598510571,1.614550683,1.643403283,1.710676072,1.738930249,1.744237781,1.753717899,1.731280804,1.70620811,1.733540058,1.696703268,1.744526719
PHL,7.487095497,8.429542537,8.891327203,9.276900303,9.996727882,10.53972304,11.14606058,11.64300586,12.7176416,13.33456125,13.79767945,14.2520403,14.62774287,14.80243302,15.26394768,15.67470995,15.98304531,16.05385476,16.88114504,17.23707946,17.77448136,18.09765434,18.11736784,18.52468003,19.02805664,19.20535001,19.2036679,19.6985569,19.96451378,19.73829651,19.44143486,19.37526512,19.09427258,19.2695633
PLW,0.666676696,0.670415933,0.688572848,0.706093359,0.708976551,0.713949494,0.72152784,0.725452529,0.728838135,0.734858742,0.765058912,0.749138296,0.716589078,0.68993778,0.695891283,0.749145614,0.737656189,0.732144195,0.761059507,0.770327656,0.760587111,0.749237503,0.788124227,0.830696895,0.849643915,0.896551223,0.936091177,0.912604133,0.873858793,0.832971652,0.824258433,0.808066926,0.798780001,0.83274464
PNG,0.727106172,0.752517473,0.756910839,0.720931423,0.757056557,0.859048525,0.858889198,0.915475411,1.036966706,1.135676516,1.256026157,1.313295386,1.452138894,1.50290568,1.434390201,1.560213277,1.656265946,1.674617419,1.77049849,1.673786786,1.817688789,1.859033404,1.814559094,1.848192137,1.915327904,1.87435315,1.90345749,2.013949002,2.161744587,2.148682827,2.155299398,2.306354364,2.48743886,2.339600724
POL,0.266082,0.399595,0.541598,0.691175,0.928696,1.164119,1.351266,1.513266,1.655012,1.737656,1.832933,1.837063,1.799795,1.804365,1.829993,1.867595,1.850464,1.853515,1.842243,1.869211,1.805127,1.801424,1.796168,1.762045,1.767142,1.765116,1.732843,1.742879,1.748426,1.698557,1.698184,1.722789,1.787327,1.879248
PRE,,,,,,,,,,,,,,,,,,,,,,,,,,,,,,,,,,
PRI,0.645231036,0.643617588,0.645489851,0.642438435,0.648999403,0.653306038,0.666655555,0.66408527,0.698472151,0.698869406,0.705907474,0.728366497,0.735508465,0.753130192,0.723931263,0.748180365,0.765665034,0.773665591,0.808848269,0.843944298,0.854607174,0.857175412,0.864840544,0.873995488,0.882221594,0.904666889,0.929672823,0.951732039,0.910205299,0.878866149,0.852639704,0.804228127,0.77411534,0.771056553
PRK,,,,,,,,,,,,,,,,,,,,,,,,,,,,,,,,,,
PRT,0.476282,0.507169,0.552626,0.57965,0.608834,0.616775,0.628515,0.641259,0.656787,0.660642,0.661032,0.670855,0.672081,0.66976,0.676128,0.664259,0.64016,0.64667,0.636148,0.627348,0.62323,0.623083,0.605398,0.583607,0.578868,0.584947,0.571416,0.575688,0.571227,0.550687,0.542815,0.537629,0.523337,0.517344
PRY,314.2049427,380.27261,424.1601088,464.9712923,512.4911524,557.5664306,610.079473,620.1942905,713.0157141,778.155047,872.5037239,972.2014322,1129.158539,1274.989666,1388.545553,1520.719934,1605.869939,1761.067846,1938.995266,1997.409497,2065.303559,2126.669922,2279.112227,2291.049894,2354.522582,2413.540976,2456.88392,2473.229736,2537.227051,2567.449463,2538.992432,2628.084473,2652.966443,2612.619954
PSE,,,,,0.572381423,0.604270069,0.608927461,0.575654927,0.538675522,0.515068479,0.556253478,0.556759398,0.556396832,0.534026615,0.494793216,0.480020561,0.490773992,0.500621918,0.574696736,0.581756174,0.650619665,0.672017651,0.616768788,0.657377955,0.622879739,0.567099536,0.581900097,0.592855823,0.573107484,0.5618633,0.542883355,0.649577373,0.617060163,0.571905822
PSS,,,,,,,,,,,,,,,,,,,,,,,,,,,,,,,,,,
PST,,,,,,,,,,,,,,,,,,,,,,,,,,,,,,,,,,
PYF,,,,,,,,,,,,,,,,,,,,,,,,,,,,,,,,,,
QAT,1.093567578,1.005976321,0.981341848,0.909291268,0.904550525,0.954789785,1.000046959,0.942993862,0.761097401,0.869649231,1.128076699,1.048603703,1.063627528,1.222191265,1.346181251,1.703915843,1.791154423,1.935211679,2.333408718,1.757461755,1.857546296,2.152514458,2.182123532,2.230790991,2.350980468,2.448721749,2.479168335,2.3182621,2.350074291,2.263225555,2.290072203,2.235479832,2.62893385,
ROU,0.00070073,0.001999559,0.005862264,0.018743421,0.043864507,0.061839134,0.087656393,0.203237684,0.296566184,0.438330228,0.616103419,0.813440309,0.959734673,1.176617385,1.268732436,1.401298712,1.399456349,1.487603501,1.566275623,1.5672931,1.53797248,1.550128899,1.56367261,1.606309895,1.628483593,1.662993235,1.596986935,1.613726743,1.665701538,1.636841284,1.614703571,1.637755552,1.712067232,1.75887412
RUS,0.000542317,0.001199338,0.018649493,0.179961613,0.717656758,1.71517,2.455975,2.778421,3.258399,5.539641,7.301404,8.322817,9.273504,9.866787,11.556843,12.736131,12.618288,13.984503,14.341196,14.016913,15.821142,18.443729,19.56826,19.505592,20.998875,23.562632,24.192337,24.124181,24.542904,23.93427467,23.1451683,23.68514633,25.82578335,26.6801077
RWA,60.72924839,67.54171067,70.8464767,78.80529754,90.42226028,133.9697354,145.9295016,165.8656161,167.6769709,159.5238618,161.0996939,156.9335114,146.454467,172.8615734,187.0114389,197.7013084,196.507922,216.0743578,242.6309062,258.3797062,263.4135153,276.649231,298.5128418,301.4262567,294.913953,296.7167686,307.7144355,320.420105,312.6655273,311.8612061,321.4724426,300.0285034,324.9002279,345.2294374
SAS,,,,,,,,,,,,,,,,,,,,,,,,,,,,,,,,,,
SAU,0.847406208,0.801140795,0.78096782,0.750188405,0.742547268,0.769614568,0.815053211,0.82895722,0.705522732,0.796470782,0.864094336,0.831151288,0.867185126,0.870096062,0.940992913,1.096228038,1.186498132,1.252646284,1.446370211,1.211625601,1.402870607,1.586354256,1.656841448,1.679913954,1.666247736,1.617082202,1.672183845,1.689270854,1.85423243,1.861568213,1.920739055,1.909426093,2.104628784,1.97040766
SDN,0.003853794,0.00703694,0.014395593,0.027771207,0.07049633,0.141242376,0.18386789,0.249293803,0.290064811,0.331275568,0.355855776,0.421569858,0.459956904,0.49525445,0.565595339,0.647410925,0.676102556,0.759027012,0.810888757,0.820925267,0.994932969,1.231475711,1.648170208,2.231428848,2.664290639,3.034035277,3.466892025,4.772955418,7.085268974,10.97369194,25.95143127,85.72268677,173.6813364,514.3071349
SEN,172.2601923,165.0861596,160.0723121,156.4977008,205.3862535,215.4775008,220.4094561,220.9584649,224.5750472,220.2778747,218.2175102,228.3401711,229.1285953,222.6188174,216.4966421,219.824683,219.401716,227.6887864,241.7393179,236.1994149,237.1074997,241.276062,245.0656683,246.1377923,242.0322961,240.4916697,242.008809,243.5838013,238.6880493,229.8673401,224.0872345,212.3305511,215.6849552,219.1282247
SGP,0.97139735,0.981296577,0.972746581,0.983064694,0.995842452,1.00637268,1.0031653,0.996859246,0.972680871,0.924793273,0.939246682,0.901896774,0.880130342,0.84756281,0.85804862,0.847774412,0.837579344,0.863736587,0.835702035,0.855113866,0.854205842,0.846737742,0.845431352,0.857922523,0.862601523,0.877768679,0.876020604,0.883214712,0.867735684,0.854120195,0.834628344,0.811010361,0.859781984,0.804086117
SLB,1.890414774,1.961068439,2.169644214,2.407392449,2.520819141,2.704569134,2.976886555,3.174384172,3.489199236,3.704557473,3.823877889,4.110161466,4.503762603,4.692770291,4.741839381,5.08960116,5.349299621,5.692263858,5.943710681,6.195144788,6.227584279,6.374862124,6.549471037,6.591355578,6.716304127,6.877991665,6.836745645,6.889529176,7.264478493,7.233242146,7.044306923,6.364729134,6.065974212,6.080337277
SLE,0.029749116,0.065828381,0.11715342,0.145038062,0.177595547,0.23239155,0.295720162,0.297256027,0.363839941,0.420448286,0.424625199,0.711580991,0.673125867,0.747210621,0.820974513,0.928279933,1.013010272,1.051404147,1.126571787,1.215375731,1.410126331,1.620575073,1.757539261,1.792637956,1.830859287,1.912536064,2.015741651,2.300201416,2.541012939,2.811343262,3.055827148,3.243864014,3.79816877,4.999763562
SLV,0.312351902,0.324553858,0.328174726,0.348124041,0.374263304,0.40664068,0.425612659,0.432555384,0.445842221,0.443991447,0.448365302,0.45302183,0.452828398,0.457230629,0.457357909,0.462498905,0.468102057,0.475786529,0.483141266,0.480016853,0.486574039,0.505120277,0.521423531,0.505071869,0.488559922,0.477749754,0.461390404,0.44841367,0.454547405,0.442782253,0.425564259,0.429484785,0.429894913,0.426094939
SMR,,,,,,,,0.749430904,0.754645664,0.755683988,0.757919581,0.76126837,0.767511007,0.771105017,0.766012292,0.755112221,0.747261308,0.713199994,0.719534266,0.722270304,0.723805033,0.7102569,0.727814456,0.753500571,0.729271897,0.744308864,0.755666151,0.762517095,0.74555036,0.725066229,0.704549975,0.707382143,,
SOM,651.1463069,853.6242092,1043.260187,1576.181951,2404.581312,3097.088062,3951.772466,5190.49946,6259.75586,7060.477216,7912.759257,8376.427428,8885.053463,9260.163265,9630.476598,10837.68656,9791.427955,9868.447395,9881.341774,10054.12358,8408.934393,8001.031314,7863.4404,8032.809423,7703.878776,7392.4201,7238.5441,7390.984523,7866.176888,8740.898287,9178.746316,10268.41727,10219.72577,10867.51648
SRB,,,,,,1.619163383,2.942118137,3.495528088,4.300591737,5.423532141,9.59876415,17.82535295,19.97025126,22.63468974,24.0935233,27.03310651,28.82487124,30.41866303,31.32535729,33.26419667,34.84098031,36.32579314,37.98442057,39.32484702,39.80479695,40.74029344,40.45668285,40.82479962,41.00701131,39.65093898,39.76211617,40.65336932,42.50232754,44.94445933
SSA,,,,,,,,,,,,,,,,,,,,,,,,,,,,,,,,,,
SSD,,,,,,,,,,,,,,,,,,,1.198131033,1.049924433,1.17140595,1.593427879,2.308700137,2.539609146,2.670588427,3.370950535,,,,,,,,
SSF,,,,,,,,,,,,,,,,,,,,,,,,,,,,,,,,,,
SST,,,,,,,,,,,,,,,,,,,,,,,,,,,,,,,,,,
STP,0.092422277,0.112057315,0.152901355,0.261960745,0.446769009,0.656670742,1.284802535,1.757040642,2.01551587,2.144491628,2.306186804,2.417440856,2.65455302,2.963430349,3.314065774,3.826818096,4.207004419,4.489357173,5.674235866,6.426344429,6.791426287,7.431393623,8.632288225,8.727782068,8.5666147,9.104483202,9.630696047,9.921541214,9.684535027,9.16576767,9.128153801,8.599293709,9.343417156,9.795201286
SUR,0.002054017,0.002649101,0.003493986,0.008360141,0.044058863,0.146608056,0.145790791,0.145460084,0.169055629,0.287768836,0.452321775,0.617227555,0.79182778,0.942030801,1.035132418,1.159630366,1.270606942,1.316576534,1.492174395,1.57918129,1.67250223,1.86556232,1.92355858,1.845241877,1.810927508,1.820235095,2.428665006,2.578414679,2.785877228,2.649446487,3.731323957,5.368227959,7.21619912,10.6044508
SVK,0.222355141,0.289515028,0.314809,0.354775,0.394072,0.424155,0.436017,0.4505,0.466064,0.494406,0.516385,0.515672,0.521518,0.544317,0.564472,0.564715,0.554599,0.553636,0.53743,0.515578,0.502173,0.506407,0.504542,0.491124,0.485412,0.491548,0.503194,0.516433,0.526001,0.510067,0.48909,0.486965,0.49218,0.506852
SVN,0.034748,0.065517,0.19741,0.264342,0.31728,0.389711,0.42706,0.455969,0.482503,0.508506,0.526511,0.560099,0.583286,0.607857,0.607812,0.610135,0.609687,0.630222,0.633789,0.645493,0.63801,0.62397,0.606793,0.590407,0.591238,0.595298,0.577106,0.570149,0.567612,0.544192,0.532257,0.533293,0.526632,0.541355
SWE,8.871508,9.288991,9.174233,9.160067,9.20066,9.355165,9.24908,9.331501,9.395958,9.3059,9.163089,9.401445,9.413655,9.485459,9.294039,9.479182,9.111518,8.870893,8.778986,8.921003,9.026183,8.844042,8.654768,8.597681,8.727131,8.854383,8.822586,8.852247,8.865881,8.584015,8.435616,8.311676,8.363085,8.509281
SWZ,0.997676105,1.049749091,1.141191551,1.308623392,1.421826153,1.624490888,1.717840593,1.88030205,1.997098935,2.074981306,2.543233408,2.709652128,2.90605572,3.020935988,3.055714281,3.157083154,3.186402545,3.257912977,3.529564708,3.850650438,3.92604973,4.052137852,4.469325324,4.633242664,4.892111656,5.194818611,5.614289341,5.982950211,6.162479877,6.114834309,6.119993687,5.895362854,5.991967862,5.968397205
SXM,,,,,,,,,,,,,,,,,,,,1.370852013,1.369680089,1.345952392,1.551308865,1.543703552,1.527580363,1.51909832,1.489179648,1.396499991,1.362629414,1.365002275,1.38735342,1.43830955,1.390202564,1.369850361
SYC,3.362519629,3.186071168,3.260502989,3.281459955,3.298193655,3.163495745,2.917729986,2.893355662,3.159101538,3.179085538,3.147586957,3.267795755,3.334055444,3.463937192,4.205542488,4.096390539,4.031160202,4.359673565,5.642835663,7.188758678,6.951892387,6.883865356,7.593878524,7.89489833,7.748970496,8.026026122,7.658696287,7.777408123,7.993576527,7.849941254,7.965042591,8.456309319,8.020333634,7.666113778
SYR,,,,,,,,,,,,,,,,,,,,,,,,,,,,132.9959106,141.6033325,163.0274353,237.00914,417.3224182,,
TCA,,,,,,,,,,,,,,,,,,,,,,1.028408051,1.097970986,1.071960259,1.068357836,1.07176272,1.053490656,0.997238159,1.015220523,1.019476295,1.059441328,1.090707064,1.127382307,1.226388374
TCD,118.5049655,118.1515518,100.6095139,96.98796759,136.3108361,145.3047576,159.0427397,162.2608809,171.2874899,156.1070494,160.7240933,178.8725895,179.4958004,176.1596644,188.2454138,224.5049245,239.5336308,240.915841,256.8043437,230.8333117,242.6375767,258.1313171,283.9562205,305.406616,295.9949645,247.1739797,240.8987086,236.5829926,236.5224915,222.5734711,228.2732086,215.5109406,231.8273139,221.5794492
TEA,,,,,,,,,,,,,,,,,,,,,,,,,,,,,,,,,,
TEC,,,,,,,,,,,,,,,,,,,,,,,,,,,,,,,,,,
TGO,141.039777,140.0701714,141.3938963,126.7986197,168.6453516,183.4911199,189.9008515,190.4825264,206.3669541,205.7565511,221.4184076,220.080962,227.6092788,216.7450691,207.0422659,212.5441702,205.1367415,209.6396237,224.3403528,229.9154831,226.9428826,228.6249695,236.5774161,237.9844478,234.2853971,236.2282259,236.8616371,231.8401794,228.7066803,218.5904236,208.4675446,202.174469,196.7250036,194.7312186
THA,8.963130682,9.168149596,9.366394656,9.74338512,9.985461062,10.34181447,10.57208659,10.85235316,11.59711945,11.14061648,11.03885211,11.00277723,11.01756224,11.036495,11.13109134,11.34220735,11.56450728,11.53794388,11.90097925,11.85106397,12.18660245,12.38719749,12.17564332,12.15247236,12.26280799,12.33792186,12.35085342,12.38575745,12.15261173,11.82858467,11.40729523,11.14812756,10.91129146,10.65599746
TJK,5.23E-06,1.01E-05,6.65E-05,0.000849564,0.003019543,0.011668377,0.060777858,0.098733531,0.183435385,0.228809975,0.274378745,0.35138067,0.411120674,0.512363088,0.585920156,0.622158989,0.730668231,0.905164422,1.138161229,1.26835399,1.409285194,1.564780235,1.684332447,1.67842,1.694372735,1.982068464,2.120927498,2.350559235,2.487616777,2.399198294,2.356817722,2.544257879,2.573285693,2.537117049
TKM,2.52E-07,4.94E-07,1.55E-05,0.000186403,0.001920523,0.015156229,0.189661807,0.301670733,0.350872141,0.425569124,0.456908392,0.512285291,0.546592178,0.601057646,0.620604985,0.644020625,0.701286363,0.746077836,1.169259378,1.27552379,1.289270164,1.425625277,1.563465134,1.604478046,1.636497249,1.58541392,1.540665648,1.536305666,1.491995506,1.50332972,1.529003884,1.50170362,1.493663177,1.435913605
TLA,,,,,,,,,,,,,,,,,,,,,,,,,,,,,,,,,,
TLS,0.246061699,0.247680922,0.278863677,0.28536372,0.287424886,0.290142482,0.308176394,0.303652047,0.311918434,0.329665339,0.332030495,0.363146152,0.376870581,0.394706693,0.344068867,0.339738701,0.337421003,0.35637091,0.375006617,0.379286589,0.415817434,0.454532027,0.42856697,0.469428683,0.428254989,0.424637954,0.393877192,0.365617901,0.342422766,0.342878394,0.265956835,0.393393219,0.40924923,0.322713345
TMN,,,,,,,,,,,,,,,,,,,,,,,,,,,,,,,,,,
TON,0.704067895,0.745471452,0.783143766,0.765513684,0.953169303,0.891981808,0.886828923,0.855075912,0.868068857,0.910748319,0.940163692,0.93562773,0.987547822,1.055033914,1.118754728,1.165604937,1.310105878,1.295434078,1.328702281,1.386247005,1.475617974,1.452684751,1.485940689,1.42642591,1.402173388,1.46268107,1.49317537,1.549255717,1.592405197,1.686767281,1.594893178,1.495297592,1.515828803,
TSA,,,,,,,,,,,,,,,,,,,,,,,,,,,,,,,,,,
TSS,,,,,,,,,,,,,,,,,,,,,,,,,,,,,,,,,,
TTO,2.50098335,2.457210385,2.236334977,2.37705215,2.636147748,2.689662493,2.690158494,2.55084295,2.475663827,2.546165404,2.789613803,2.804407589,2.618102572,2.836441771,3.007561664,3.3045976,3.261171903,3.580039148,4.34804648,3.127314645,3.483195322,3.949606895,4.100198839,4.323668496,4.384252209,4.252395816,4.121887996,4.18089962,4.149242878,3.965765715,3.859908104,3.927250385,4.432589087,3.91967295
TUN,0.39792864,0.411997126,0.42574404,0.435396836,0.44558894,0.459792414,0.471197198,0.48151579,0.491742897,0.501180244,0.506171131,0.514397886,0.518099623,0.521709154,0.525075079,0.530371787,0.534230524,0.53119925,0.554201157,0.567454955,0.582029228,0.596331477,0.632328272,0.665264819,0.691510979,0.730423356,0.751815692,0.775635421,0.810976982,0.828764498,0.837391257,0.877332568,0.845232803,0.884587105
TUR,0.001186,0.001822,0.002916,0.004779,0.009659,0.017711,0.030976,0.055376,0.128873,0.196465,0.281594,0.414949,0.591251,0.736506,0.79215,0.834589,0.841811,0.851116,0.87996,0.904655,0.920469,0.966176,1.019856,1.070294,1.104504,1.162452,1.241052,1.38398,1.63261,1.837125,2.111056,2.725605,4.605662,6.974967
TUV,0.833916232,0.827957282,0.868960671,0.870455563,0.812501055,0.836803076,0.926058378,0.898476297,0.912841249,0.95520333,1.069046336,1.085716533,1.120750208,1.111943573,1.144941016,1.126728518,1.138130343,1.098874571,1.129629628,1.134522947,1.114532035,1.109926272,1.11332319,1.104295396,1.166796414,1.193098299,1.278345672,1.293154208,1.356423313,1.41992636,1.413903158,1.415255354,1.395509274,1.427272995
TZA,51.35083553,63.63488113,78.00491988,94.83849237,121.7989577,151.3433361,177.3268304,210.2085791,237.4362181,261.1409569,276.2986943,283.2277438,299.0662203,317.9660067,330.9601395,341.5201007,349.5583742,371.3064021,423.9607008,459.459936,496.744243,546.0731201,650.2379944,707.4686971,760.901227,806.4526603,852.1666994,889.4487305,849.0432129,815.9642944,779.0391846,762.958374,732.4630611,726.4761028
UGA,190.2467885,231.9051464,328.9245146,418.1407781,437.4369913,468.6273425,481.2447811,487.7299501,524.6837337,516.7772509,561.5096687,574.045465,547.3450576,578.6504863,651.333005,620.5354824,616.4528112,644.1336018,672.1771434,765.3696491,798.8103814,856.1682129,1000.764564,1036.867906,1065.699988,1114.238579,1196.839427,1251.634033,1253.709961,1258.258911,1240.85022,1203.160767,1179.345749,1228.430688
UKR,4.23E-06,8.02E-06,0.000146445,0.004911875,0.050640571,0.2558448,0.417432824,0.484523424,0.536692759,0.674205512,0.840580753,0.905928977,0.93893317,0.995928109,1.118338922,1.345623123,1.499247394,1.793130112,2.269766707,2.540765677,2.853492255,3.192311049,3.305512178,3.027402573,3.460409213,4.611359817,5.076235642,6.004223347,6.627536297,6.580449581,6.434979439,7.302161694,9.203698363,10.52352199
UMC,,,,,,,,,,,,,,,,,,,,,,,,,,,,,,,,,,
URY,0.560218922,1.088165644,1.698268359,2.452783588,3.337065983,4.610213912,5.723980949,6.711861157,7.459220087,7.640737379,7.735932672,7.930740923,8.794636949,10.05097581,10.77683404,10.52003584,10.96198361,11.77372801,12.57950057,13.57972836,14.18771453,15.27369785,16.9394486,18.17572733,19.47719447,21.11119148,22.46261686,23.30475616,24.25356293,25.04502106,25.73447227,26.4622879,25.77097903,25.71776242
USA,1,1,1,1,1,1,1,1,1,1,1,1,1,1,1,1,1,1,1,1,1,1,1,1,1,1,1,1,1,1,1,1,1,1
UZB,0.000634014,0.001169682,0.009287906,0.106958267,1.401806948,6.466150035,11.52857412,18.82287994,25.87264454,36.76617818,52.95434606,75.21696213,107.7535052,133.9493466,151.2057168,178.0284123,213.2285964,253.0633354,314.7977747,366.8739896,505.1680638,601.9983993,706.9046133,804.3101035,935.2372458,1058.677683,1179.956705,1432.907178,1799.892375,2111.319555,2353.383387,2591.112305,2781.570007,3012.052433
VCT,1.397172672,1.416699299,1.420252889,1.370786181,1.373941506,1.363375116,1.386597629,1.381614081,1.410129773,1.415722145,1.491813962,1.548239925,1.527702586,1.465563281,1.480664877,1.477336031,1.486199092,1.553009129,1.634356586,1.605757063,1.675011705,1.635919213,1.649658865,1.64265701,1.594965611,1.60395333,1.532120348,1.588731766,1.549092889,1.538480282,1.470224857,1.440133214,1.391201107,1.396411133
VEN,0.012104274,0.014219711,0.017829624,0.022928476,0.036567561,0.054355235,0.115042804,0.151484641,0.178098931,0.221611842,0.280528278,0.296290316,0.388102803,0.513542738,0.669895545,0.84181703,0.962846008,1.082269579,1.381761419,1.48084281,2.135241101,2.68098259,,,,,,,,,,,,
VGB,,,,,,,,,,,,,,,,,,,,,,1.027546763,1.088881183,1.076733772,1.064383241,1.071502049,1.055831415,1.020229697,,,,,,
VIR,,,,,,,,,,,,,0.936119659,0.972785771,1.011475755,1.105187093,1.048918924,1.047563402,0.9007745,0.948750167,0.959083442,0.999770685,1.115597807,1.070021406,1.021150957,1.044012057,1.055403397,1.043415904,0.997733712,0.965312693,0.953011998,0.907823741,,
VNM,672.2770469,1122.044317,1455.000876,1668.832166,1910.935602,2190.632034,2338.33676,2450.351268,2637.270606,2749.600691,2780.349497,2790.425885,2876.840052,3021.713803,3190.742499,3675.688207,3871.2723,4132.134356,4973.206982,5249.942156,5813.188787,6915.335449,7137.066819,7308.346419,7379.996148,7290.148804,7163.831148,7211.599609,7275.826172,7191.188477,7064.953613,7120.01123,6921.140818,6805.030724
VUT,77.33474766,82.48584671,82.89499553,82.64586195,82.78755091,82.49178489,82.69789549,83.87878056,89.71260741,91.18418899,91.10730731,92.33085655,93.53136192,92.45312136,91.93794933,89.51690565,90.20196101,92.89609695,97.66988817,99.55106303,99.80326895,100.5110433,98.21569786,99.47625989,99.13424125,103.9822943,104.6277773,108.3006506,109.2702077,110.9905885,112.5951042,108.412512,112.6506179,120.9816514
WLD,,,,,,,,,,,,,,,,,,,,,,,,,,,,,,,,,,
WSM,0.799826754,0.820944366,0.87140808,0.856804402,1.411251486,1.285849896,1.320692295,1.451976241,1.484853733,1.48062437,1.477869203,1.493986871,1.4929182,1.501309686,1.56539876,1.578447039,1.611985093,1.686996554,1.806050339,1.825094052,1.710389606,1.660568119,1.695850942,1.706596298,1.691692671,1.742590655,1.764934998,1.739171245,1.718882391,1.715856016,1.714213175,1.632489364,1.611097482,1.691703253
XKX,,,,,,,,,,,,,,,,,,,0.309224607,0.298622029,0.313896406,0.3269386,0.336134256,0.344754903,0.358213027,0.364103,0.370901882,0.378328005,0.370546697,0.363172821,0.359145199,0.360406752,0.360937678,0.365662395
YEM,6.114148136,6.623460514,7.328871558,8.331555873,9.852839144,14.06495875,18.89081019,21.03869067,19.06913145,25.09472055,30.26772402,30.41469708,32.55843283,35.40578729,39.34470575,45.21878472,49.82682786,53.79467676,63.53272824,57.64648032,70.40482104,81.47676086,88.79299164,93.63131714,,,,,,,,,,
ZAF,1.258441169,1.407833834,1.578999755,1.74267163,1.873659482,2.034084272,2.157756854,2.293787696,2.451476685,2.58379166,2.75855373,2.908249268,3.222802163,3.36253789,3.472334094,3.55520901,3.658012401,3.855196267,4.07924672,4.405461533,4.619309414,4.776628494,5.106044878,5.292064846,5.566094923,5.817177329,6.148418341,6.413336754,6.855415344,7.06522131,7.248924255,7.37613821,7.218918421,7.280194662
ZMB,0.009566476,0.017827366,0.046282988,0.110161183,0.194945276,0.24939126,0.30454076,0.375427796,0.43402306,0.504675154,0.654444803,0.802161713,0.943053277,1.087630249,1.267979307,1.434133774,1.59354675,1.752746684,1.902585915,1.996052444,2.247209945,2.446346045,2.648349923,2.826152427,3.053941516,3.350555714,3.855902879,4.162864208,4.447628975,4.827852726,5.529107571,6.441287041,6.384755948,6.707556663
ZWE,0.758628069,0.684079298,0.574333017,0.539765163,0.507893153,0.512578506,0.548587184,0.523761108,0.37784434,0.40240323,0.395960639,0.386734308,0.391147801,0.417334305,0.437339368,0.445825104,0.423761667,0.416275865,0.413917367,0.512889236,0.519782041,0.520335376,0.54526542,0.550359937,0.537396812,0.523839856,0.503224091,0.613429013,1.771057671,5.096123281,31.59619341,60.87774895,207.3489722,1921.544189